publication,domain,cluster,theme,sub_theme,loads,figma_mode,primary-lighter,primary-light,primary,primary-dark,primary-darker,secondary,tertiary,near-black,white,nav-text,subsite-custom,subsite-text,site_overrides,mismatch_count,engineering_fixes,notes
Daily Herald,dailyherald.com,Daily Herald,,,,,,,,,,,,,,,,,,0,,"Not on MNG WordPress themes (Everyware platform, verified 2026-09-24): no MNG theme tokens."
Daily Oakland Press,theoaklandpress.com,21C Michigan,Modern Earthy,21C Michigan Sites (Combined),"modernearthy.css + Customizer override (div#page), identical on all 4 sites",21C Michigan Sites (Combined),#3e7cb2,#2a6496,#3a537a,#32476c,#2c3b55,#9daabd,#ff5722,#1a1a1a,#fafafa,#1a1a1a,,,,3,primary-lighter: MISSING -> #3e7cb2; primary-dark: #3a527a -> #32476c; primary-darker: #003d66 -> #2c3b55,
Macomb Daily,macombdaily.com,21C Michigan,Modern Earthy,21C Michigan Sites (Combined),"modernearthy.css + Customizer override (div#page), identical on all 4 sites",21C Michigan Sites (Combined),#3e7cb2,#2a6496,#3a537a,#32476c,#2c3b55,#9daabd,#ff5722,#1a1a1a,#fafafa,#1a1a1a,,,,3,primary-lighter: MISSING -> #3e7cb2; primary-dark: #3a527a -> #32476c; primary-darker: #003d66 -> #2c3b55,
Mount Pleasant Morning Sun,themorningsun.com,21C Michigan,Modern Earthy,21C Michigan Sites (Combined),"modernearthy.css + Customizer override (div#page), identical on all 4 sites",21C Michigan Sites (Combined),#3e7cb2,#2a6496,#3a537a,#32476c,#2c3b55,#9daabd,#ff5722,#1a1a1a,#fafafa,#1a1a1a,,,,3,primary-lighter: MISSING -> #3e7cb2; primary-dark: #3a527a -> #32476c; primary-darker: #003d66 -> #2c3b55,
The News-Herald (Southgate),thenewsherald.com,21C Michigan,Modern Earthy,21C Michigan Sites (Combined),"modernearthy.css + Customizer override (div#page), identical on all 4 sites",21C Michigan Sites (Combined),#3e7cb2,#2a6496,#3a537a,#32476c,#2c3b55,#9daabd,#ff5722,#1a1a1a,#fafafa,#1a1a1a,,,,3,primary-lighter: MISSING -> #3e7cb2; primary-dark: #3a527a -> #32476c; primary-darker: #003d66 -> #2c3b55,
Kingston Daily Freeman,dailyfreeman.com,21C New York,Modern Earthy,,modernearthy.css,ModernEarthy,#fe521e,#e03400,#cc3300,#b93611,#a52804,#eeff41,#00828f,#1a1a1a,#fafafa,#1a1a1a,,,,4,primary-lighter: MISSING -> #fe521e; primary: #bc3b10 -> #cc3300; primary-darker: MISSING -> #a52804; tertiary: #ff5722 -> #00828f,
Oneida Daily Dispatch,oneidadispatch.com,21C New York,Modern Earthy,,modernearthy.css,ModernEarthy,#fe521e,#e03400,#cc3300,#b93611,#a52804,#eeff41,#00828f,#1a1a1a,#fafafa,#1a1a1a,,,,4,primary-lighter: MISSING -> #fe521e; primary: #bc3b10 -> #cc3300; primary-darker: MISSING -> #a52804; tertiary: #ff5722 -> #00828f,
Saratogian,saratogian.com,21C New York,Modern Earthy,,modernearthy.css,ModernEarthy,#fe521e,#e03400,#cc3300,#b93611,#a52804,#eeff41,#00828f,#1a1a1a,#fafafa,#1a1a1a,,,,4,primary-lighter: MISSING -> #fe521e; primary: #bc3b10 -> #cc3300; primary-darker: MISSING -> #a52804; tertiary: #ff5722 -> #00828f,
The Troy Record,troyrecord.com,21C New York,Modern Earthy,,modernearthy.css,ModernEarthy,#fe521e,#e03400,#cc3300,#b93611,#a52804,#eeff41,#00828f,#1a1a1a,#fafafa,#1a1a1a,,,,4,primary-lighter: MISSING -> #fe521e; primary: #bc3b10 -> #cc3300; primary-darker: MISSING -> #a52804; tertiary: #ff5722 -> #00828f,
Lake County News-Herald,news-herald.com,21C Ohio,Modern Earthy,,modernearthy.css,ModernEarthy,#fe521e,#e03400,#cc3300,#b93611,#a52804,#eeff41,#00828f,#1a1a1a,#fafafa,#1a1a1a,,,,4,primary-lighter: MISSING -> #fe521e; primary: #bc3b10 -> #cc3300; primary-darker: MISSING -> #a52804; tertiary: #ff5722 -> #00828f,
Lorain Morning Journal,morningjournal.com,21C Ohio,Modern Earthy,,modernearthy.css,ModernEarthy,#fe521e,#e03400,#cc3300,#b93611,#a52804,#eeff41,#00828f,#1a1a1a,#fafafa,#1a1a1a,,,,4,primary-lighter: MISSING -> #fe521e; primary: #bc3b10 -> #cc3300; primary-darker: MISSING -> #a52804; tertiary: #ff5722 -> #00828f,
Delaware County Times,delcotimes.com,21C Pennsylvania,Modern Earthy,,modernearthy.css,ModernEarthy,#fe521e,#e03400,#cc3300,#b93611,#a52804,#eeff41,#00828f,#1a1a1a,#fafafa,#1a1a1a,,,,4,primary-lighter: MISSING -> #fe521e; primary: #bc3b10 -> #cc3300; primary-darker: MISSING -> #a52804; tertiary: #ff5722 -> #00828f,
Norristown Times Herald,timesherald.com,21C Pennsylvania,Modern Earthy,,modernearthy.css,ModernEarthy,#fe521e,#e03400,#cc3300,#b93611,#a52804,#eeff41,#00828f,#1a1a1a,#fafafa,#1a1a1a,,,,4,primary-lighter: MISSING -> #fe521e; primary: #bc3b10 -> #cc3300; primary-darker: MISSING -> #a52804; tertiary: #ff5722 -> #00828f,
Reading Eagle,readingeagle.com,21C Pennsylvania,Modern Earthy,,modernearthy.css,ModernEarthy,#fe521e,#e03400,#cc3300,#b93611,#a52804,#eeff41,#00828f,#1a1a1a,#fafafa,#1a1a1a,#fafafa,#000000,"subsite-custom, subsite-text",4,primary-lighter: MISSING -> #fe521e; primary: #bc3b10 -> #cc3300; primary-darker: MISSING -> #a52804; tertiary: #ff5722 -> #00828f,
The Lansdale Reporter,thereporteronline.com,21C Pennsylvania,Modern Earthy,,modernearthy.css,ModernEarthy,#fe521e,#e03400,#cc3300,#b93611,#a52804,#eeff41,#00828f,#1a1a1a,#fafafa,#1a1a1a,#164396,#f9f9f9,"subsite-custom, subsite-text",4,primary-lighter: MISSING -> #fe521e; primary: #bc3b10 -> #cc3300; primary-darker: MISSING -> #a52804; tertiary: #ff5722 -> #00828f,
The Pottstown Mercury,pottsmerc.com,21C Pennsylvania,Modern Earthy,,modernearthy.css,ModernEarthy,#fe521e,#e03400,#cc3300,#b93611,#a52804,#eeff41,#00828f,#1a1a1a,#fafafa,#1a1a1a,,,,4,primary-lighter: MISSING -> #fe521e; primary: #bc3b10 -> #cc3300; primary-darker: MISSING -> #a52804; tertiary: #ff5722 -> #00828f,
Trentonian,trentonian.com,21C Pennsylvania,Modern Earthy,,modernearthy.css,ModernEarthy,#fe521e,#e03400,#cc3300,#b93611,#a52804,#eeff41,#00828f,#1a1a1a,#fafafa,#1a1a1a,#0c8fcf,#f9f9f9,"subsite-custom, subsite-text",4,primary-lighter: MISSING -> #fe521e; primary: #bc3b10 -> #cc3300; primary-darker: MISSING -> #a52804; tertiary: #ff5722 -> #00828f,
West Chester Daily Local,dailylocal.com,21C Pennsylvania,Modern Earthy,,modernearthy.css,ModernEarthy,#fe521e,#e03400,#cc3300,#b93611,#a52804,#eeff41,#00828f,#1a1a1a,#fafafa,#1a1a1a,,,,4,primary-lighter: MISSING -> #fe521e; primary: #bc3b10 -> #cc3300; primary-darker: MISSING -> #a52804; tertiary: #ff5722 -> #00828f,
Main Line Media News,mainlinemedianews.com,21C Pennsylvania,Modern Earthy,,modernearthy.css,ModernEarthy,#fe521e,#e03400,#cc3300,#b93611,#a52804,#eeff41,#00828f,#1a1a1a,#fafafa,#1a1a1a,,#0a0a0a,subsite-text,4,primary-lighter: MISSING -> #fe521e; primary: #bc3b10 -> #cc3300; primary-darker: MISSING -> #a52804; tertiary: #ff5722 -> #00828f,Theme blank in the cluster sheet; Figma lists it under Modern Earthy.
Marin Independent Journal,marinij.com,BANG,Measured Vibrant,,measuredvibrant.css,MeasuredVibrant,#717fd1,#5869ca,#3f51b5,#32408f,#171e44,#eeff41,#eb5300,#1f1e1c,#fbfbfb,#1f1e1c,,,,2,primary-lighter: MISSING -> #717fd1; tertiary: #303f9f -> #eb5300,
East Bay Times,eastbaytimes.com,BANG,Bold Coastal,East Bay Times,boldcoastal.css + Customizer override (div#page),East Bay Times,#a0d0ed,#007ab8,#006da3,#006394,#00527a,#ffc518,#cd2709,#0a0908,#ffffff,#0a0908,,,,2,secondary: #eeff41 -> #ffc518; subsite-custom: #0097a7 -> undocumented,
The Mercury News,mercurynews.com,BANG,Bold Coastal,The Mercury News,boldcoastal.css + Customizer override (div#page),The Mercury News,#a0d0ed,#007ab8,#006da3,#006394,#00527a,#ffc518,#cd2709,#0a0908,#ffffff,#0a0908,,,,1,subsite-custom: #0097a7 -> undocumented,
Silicon Valley,siliconvalley.com,BANG,Modern Earthy,,modernearthy.css,ModernEarthy,#fe521e,#e03400,#cc3300,#b93611,#a52804,#eeff41,#00828f,#1a1a1a,#fafafa,#1a1a1a,,,,4,primary-lighter: MISSING -> #fe521e; primary: #bc3b10 -> #cc3300; primary-darker: MISSING -> #a52804; tertiary: #ff5722 -> #00828f,Theme blank in the cluster sheet; Figma lists it under Modern Earthy.
Boston Herald,bostonherald.com,Boston,Modern Earthy,Boston Herald,modernearthy.css + Customizer override (div#page),Boston Herald,#3c81c7,#2c6fb2,#005d9c,#00538a,#0f496f,#eeff41,#ff5722,#141414,#ffffff,#141414,,,,4,primary-lighter: MISSING -> #3c81c7; primary-darker: MISSING -> #0f496f; secondary: MISSING -> #eeff41; tertiary: MISSING -> #ff5722,
Nashoba Valley Voice,nashobavalleyvoice.com,Boston,Modern Earthy,,modernearthy.css,ModernEarthy,#fe521e,#e03400,#cc3300,#b93611,#a52804,#eeff41,#00828f,#1a1a1a,#fafafa,#1a1a1a,,,,4,primary-lighter: MISSING -> #fe521e; primary: #bc3b10 -> #cc3300; primary-darker: MISSING -> #a52804; tertiary: #ff5722 -> #00828f,Theme blank in the cluster sheet; Figma lists it under Modern Earthy.
Colorado Daily,coloradodaily.com,Colorado Weeklies,Modern Earthy,Prairie Mountain Publishing,modernearthy.css + plugins/site-plugins/site-pmp/dist/css/style.min.css (body),Prairie Mountain Publishing,#717fd1,#5869ca,#3f51b5,#32408f,#171e44,#eeff41,#eb5300,#1a1a1a,#fafafa,#1a1a1a,,,,2,primary-lighter: MISSING -> #717fd1; tertiary: #303f9f -> #eb5300,
Julesburg Advocate,julesburgadvocate.com,Colorado Weeklies,Modern Earthy,Prairie Mountain Publishing,modernearthy.css + plugins/site-plugins/site-pmp/dist/css/style.min.css (body),Prairie Mountain Publishing,#717fd1,#5869ca,#3f51b5,#32408f,#171e44,#eeff41,#eb5300,#1a1a1a,#fafafa,#1a1a1a,,,,2,primary-lighter: MISSING -> #717fd1; tertiary: #303f9f -> #eb5300,
Lamar Ledger,lamarledger.com,Colorado Weeklies,Modern Earthy,Prairie Mountain Publishing,modernearthy.css + plugins/site-plugins/site-pmp/dist/css/style.min.css (body),Prairie Mountain Publishing,#717fd1,#5869ca,#3f51b5,#32408f,#171e44,#eeff41,#eb5300,#1a1a1a,#fafafa,#1a1a1a,,,,2,primary-lighter: MISSING -> #717fd1; tertiary: #303f9f -> #eb5300,
The Denver Post,denverpost.com,Denver,Bold Coastal,Denver Post,boldcoastal.css + Customizer override (div#page),DenverPost,#c81632,#af1628,#8e1024,#7d161e,#641614,#003459,#ffc518,#141414,#ffffff,#141414,#000000,,,3,primary-lighter: #af1628 -> #c81632; primary-light: #c81632 -> #af1628; tertiary: #a13b1e -> #ffc518,
Lowell Sun,lowellsun.com,Fitch,Modern Earthy,,modernearthy.css,ModernEarthy,#fe521e,#e03400,#cc3300,#b93611,#a52804,#eeff41,#00828f,#1a1a1a,#fafafa,#1a1a1a,,,,4,primary-lighter: MISSING -> #fe521e; primary: #bc3b10 -> #cc3300; primary-darker: MISSING -> #a52804; tertiary: #ff5722 -> #00828f,
Sentinel & Enterprise (Fitchburg),sentinelandenterprise.com,Fitch,Modern Earthy,,modernearthy.css,ModernEarthy,#fe521e,#e03400,#cc3300,#b93611,#a52804,#eeff41,#00828f,#1a1a1a,#fafafa,#1a1a1a,,,,4,primary-lighter: MISSING -> #fe521e; primary: #bc3b10 -> #cc3300; primary-darker: MISSING -> #a52804; tertiary: #ff5722 -> #00828f,
The Citizens' Voice (Wilkes-Barre),citizensvoice.com,NEPA,Modern Earthy,,modernearthy.css,ModernEarthy,#fe521e,#e03400,#cc3300,#b93611,#a52804,#eeff41,#00828f,#1a1a1a,#fafafa,#1a1a1a,,,,4,primary-lighter: MISSING -> #fe521e; primary: #bc3b10 -> #cc3300; primary-darker: MISSING -> #a52804; tertiary: #ff5722 -> #00828f,"Needs live check: the cluster sheet says ""MeasuredVibrant?"" but Figma lists it under Modern Earthy."
Scranton Times-Tribune,thetimes-tribune.com,NEPA,Modern Earthy,,modernearthy.css,ModernEarthy,#fe521e,#e03400,#cc3300,#b93611,#a52804,#eeff41,#00828f,#1a1a1a,#fafafa,#1a1a1a,,,,4,primary-lighter: MISSING -> #fe521e; primary: #bc3b10 -> #cc3300; primary-darker: MISSING -> #a52804; tertiary: #ff5722 -> #00828f,"Needs live check: the cluster sheet says ""MeasuredVibrant?"" but Figma lists it under Modern Earthy."
Wyoming County Examiner,wcexaminer.com,NEPA,Modern Earthy,,modernearthy.css,ModernEarthy,#fe521e,#e03400,#cc3300,#b93611,#a52804,#eeff41,#00828f,#1a1a1a,#fafafa,#1a1a1a,,,,4,primary-lighter: MISSING -> #fe521e; primary: #bc3b10 -> #cc3300; primary-darker: MISSING -> #a52804; tertiary: #ff5722 -> #00828f,"Needs live check: the cluster sheet says ""MeasuredVibrant?"" but Figma lists it under Modern Earthy."
Republican Herald (Pottsville),republicanherald.com,NEPA,Modern Earthy,,modernearthy.css,ModernEarthy,#fe521e,#e03400,#cc3300,#b93611,#a52804,#eeff41,#00828f,#1a1a1a,#fafafa,#1a1a1a,,,,4,primary-lighter: MISSING -> #fe521e; primary: #bc3b10 -> #cc3300; primary-darker: MISSING -> #a52804; tertiary: #ff5722 -> #00828f,"Needs live check: the cluster sheet says ""MeasuredVibrant?"" but Figma lists it under Modern Earthy."
Standard-Speaker (Hazleton),standardspeaker.com,NEPA,Modern Earthy,,modernearthy.css,ModernEarthy,#fe521e,#e03400,#cc3300,#b93611,#a52804,#eeff41,#00828f,#1a1a1a,#fafafa,#1a1a1a,,,,4,primary-lighter: MISSING -> #fe521e; primary: #bc3b10 -> #cc3300; primary-darker: MISSING -> #a52804; tertiary: #ff5722 -> #00828f,"Needs live check: the cluster sheet says ""MeasuredVibrant?"" but Figma lists it under Modern Earthy."
Chico Enterprise-Record,chicoer.com,Norcal,Measured Vibrant,,measuredvibrant.css,MeasuredVibrant,#717fd1,#5869ca,#3f51b5,#32408f,#171e44,#eeff41,#eb5300,#1f1e1c,#fbfbfb,#1f1e1c,,,,2,primary-lighter: MISSING -> #717fd1; tertiary: #303f9f -> #eb5300,
Lake County Record-Bee,record-bee.com,Norcal,Measured Vibrant,,measuredvibrant.css,MeasuredVibrant,#717fd1,#5869ca,#3f51b5,#32408f,#171e44,#eeff41,#eb5300,#1f1e1c,#fbfbfb,#1f1e1c,,,,2,primary-lighter: MISSING -> #717fd1; tertiary: #303f9f -> #eb5300,
Monterey Herald,montereyherald.com,Norcal,Measured Vibrant,,measuredvibrant.css,MeasuredVibrant,#717fd1,#5869ca,#3f51b5,#32408f,#171e44,#eeff41,#eb5300,#1f1e1c,#fbfbfb,#1f1e1c,,,,2,primary-lighter: MISSING -> #717fd1; tertiary: #303f9f -> #eb5300,
Santa Cruz Sentinel,santacruzsentinel.com,Norcal,Measured Vibrant,,measuredvibrant.css,MeasuredVibrant,#717fd1,#5869ca,#3f51b5,#32408f,#171e44,#eeff41,#eb5300,#1f1e1c,#fbfbfb,#1f1e1c,,,,2,primary-lighter: MISSING -> #717fd1; tertiary: #303f9f -> #eb5300,
Ukiah Daily Journal,ukiahdailyjournal.com,Norcal,Measured Vibrant,,measuredvibrant.css,MeasuredVibrant,#717fd1,#5869ca,#3f51b5,#32408f,#171e44,#eeff41,#eb5300,#1f1e1c,#fbfbfb,#1f1e1c,,,,2,primary-lighter: MISSING -> #717fd1; tertiary: #303f9f -> #eb5300,
Vacaville Reporter,thereporter.com,Norcal,Measured Vibrant,,measuredvibrant.css,MeasuredVibrant,#717fd1,#5869ca,#3f51b5,#32408f,#171e44,#eeff41,#eb5300,#1f1e1c,#fbfbfb,#1f1e1c,,,,2,primary-lighter: MISSING -> #717fd1; tertiary: #303f9f -> #eb5300,
Vallejo Times-Herald,timesheraldonline.com,Norcal,Measured Vibrant,,measuredvibrant.css,MeasuredVibrant,#717fd1,#5869ca,#3f51b5,#32408f,#171e44,#eeff41,#eb5300,#1f1e1c,#fbfbfb,#1f1e1c,,,,2,primary-lighter: MISSING -> #717fd1; tertiary: #303f9f -> #eb5300,
Woodland Daily Democrat,dailydemocrat.com,Norcal,Measured Vibrant,,measuredvibrant.css,MeasuredVibrant,#717fd1,#5869ca,#3f51b5,#32408f,#171e44,#eeff41,#eb5300,#1f1e1c,#fbfbfb,#1f1e1c,,,,2,primary-lighter: MISSING -> #717fd1; tertiary: #303f9f -> #eb5300,
Oroville Mercury-Register,orovillemr.com,Norcal,Measured Vibrant,,measuredvibrant.css,MeasuredVibrant,#717fd1,#5869ca,#3f51b5,#32408f,#171e44,#eeff41,#eb5300,#1f1e1c,#fbfbfb,#1f1e1c,,,,2,primary-lighter: MISSING -> #717fd1; tertiary: #303f9f -> #eb5300,
Red Bluff Daily News,redbluffdailynews.com,Norcal,Measured Vibrant,,measuredvibrant.css,MeasuredVibrant,#717fd1,#5869ca,#3f51b5,#32408f,#171e44,#eeff41,#eb5300,#1f1e1c,#fbfbfb,#1f1e1c,,,,2,primary-lighter: MISSING -> #717fd1; tertiary: #303f9f -> #eb5300,
Eureka Times-Standard,times-standard.com,Norcal,Measured Vibrant,,measuredvibrant.css,MeasuredVibrant,#717fd1,#5869ca,#3f51b5,#32408f,#171e44,#eeff41,#eb5300,#1f1e1c,#fbfbfb,#1f1e1c,,,,2,primary-lighter: MISSING -> #717fd1; tertiary: #303f9f -> #eb5300,
Fort Bragg Advocate-News,advocate-news.com,Norcal Weeklies,Measured Vibrant,,measuredvibrant.css,MeasuredVibrant,#717fd1,#5869ca,#3f51b5,#32408f,#171e44,#eeff41,#eb5300,#1f1e1c,#fbfbfb,#1f1e1c,,,,2,primary-lighter: MISSING -> #717fd1; tertiary: #303f9f -> #eb5300,
The Mendocino Beacon,mendocinobeacon.com,Norcal Weeklies,Measured Vibrant,,measuredvibrant.css,MeasuredVibrant,#717fd1,#5869ca,#3f51b5,#32408f,#171e44,#eeff41,#eb5300,#1f1e1c,#fbfbfb,#1f1e1c,,,,2,primary-lighter: MISSING -> #717fd1; tertiary: #303f9f -> #eb5300,
Paradise Post,paradisepost.com,Norcal Weeklies,Measured Vibrant,,measuredvibrant.css,MeasuredVibrant,#717fd1,#5869ca,#3f51b5,#32408f,#171e44,#eeff41,#eb5300,#1f1e1c,#fbfbfb,#1f1e1c,,,,2,primary-lighter: MISSING -> #717fd1; tertiary: #303f9f -> #eb5300,
The Willits News,willitsnews.com,Norcal Weeklies,Measured Vibrant,,measuredvibrant.css,MeasuredVibrant,#717fd1,#5869ca,#3f51b5,#32408f,#171e44,#eeff41,#eb5300,#1f1e1c,#fbfbfb,#1f1e1c,,,,2,primary-lighter: MISSING -> #717fd1; tertiary: #303f9f -> #eb5300,
Boulder Daily Camera,dailycamera.com,PMP,Modern Earthy,Prairie Mountain Publishing,modernearthy.css + plugins/site-plugins/site-pmp/dist/css/style.min.css (body),Prairie Mountain Publishing,#717fd1,#5869ca,#3f51b5,#32408f,#171e44,#eeff41,#eb5300,#1a1a1a,#fafafa,#1a1a1a,,,,2,primary-lighter: MISSING -> #717fd1; tertiary: #303f9f -> #eb5300,
Greeley Tribune,greeleytribune.com,PMP,Modern Earthy,Prairie Mountain Publishing,modernearthy.css + plugins/site-plugins/site-pmp/dist/css/style.min.css (body),Prairie Mountain Publishing,#717fd1,#5b7b8b,#536e7f,#44687f,#171e44,#eeff41,#eb5300,#1a1a1a,#fafafa,#1a1a1a,,,"primary-light, primary, primary-dark",2,primary-lighter: MISSING -> #717fd1; tertiary: #303f9f -> #eb5300,"PMP site. Documented exception (not a mismatch): its div#page Customizer override sets primary, light and dark; everything else follows PMP. The separate Greeley Tribune Figma mode and style guide were removed 2026-09-25."
Longmont Times-Call,timescall.com,PMP,Modern Earthy,Prairie Mountain Publishing,modernearthy.css + plugins/site-plugins/site-pmp/dist/css/style.min.css (body),Prairie Mountain Publishing,#717fd1,#5869ca,#3f51b5,#32408f,#171e44,#eeff41,#eb5300,#1a1a1a,#fafafa,#1a1a1a,,,,2,primary-lighter: MISSING -> #717fd1; tertiary: #303f9f -> #eb5300,
Loveland Reporter-Herald,reporterherald.com,PMP,Modern Earthy,Prairie Mountain Publishing,modernearthy.css + plugins/site-plugins/site-pmp/dist/css/style.min.css (body),Prairie Mountain Publishing,#717fd1,#5869ca,#3f51b5,#32408f,#171e44,#eeff41,#eb5300,#1a1a1a,#fafafa,#1a1a1a,,,,2,primary-lighter: MISSING -> #717fd1; tertiary: #303f9f -> #eb5300,
Akron News-Reporter,akronnewsreporter.com,PMP Weeklies,Modern Earthy,Prairie Mountain Publishing,modernearthy.css + plugins/site-plugins/site-pmp/dist/css/style.min.css (body),Prairie Mountain Publishing,#717fd1,#5869ca,#3f51b5,#32408f,#171e44,#eeff41,#eb5300,#1a1a1a,#fafafa,#1a1a1a,,,,2,primary-lighter: MISSING -> #717fd1; tertiary: #303f9f -> #eb5300,
BoCoPreps,bocopreps.com,PMP Weeklies,Modern Earthy,Prairie Mountain Publishing,modernearthy.css + plugins/site-plugins/site-pmp/dist/css/style.min.css (body),Prairie Mountain Publishing,#717fd1,#5869ca,#3f51b5,#32408f,#171e44,#eeff41,#eb5300,#1a1a1a,#fafafa,#1a1a1a,,,,2,primary-lighter: MISSING -> #717fd1; tertiary: #303f9f -> #eb5300,Redirects to dailycamera.com/sports/high-school-sports.
Broomfield Enterprise,broomfieldenterprise.com,PMP Weeklies,Modern Earthy,Prairie Mountain Publishing,modernearthy.css + plugins/site-plugins/site-pmp/dist/css/style.min.css (body),Prairie Mountain Publishing,#717fd1,#5869ca,#3f51b5,#32408f,#171e44,#eeff41,#eb5300,#1a1a1a,#fafafa,#1a1a1a,#0054a0,,subsite-custom,2,primary-lighter: MISSING -> #717fd1; tertiary: #303f9f -> #eb5300,
Brush News-Tribune,brushnewstribune.com,PMP Weeklies,Modern Earthy,Prairie Mountain Publishing,modernearthy.css + plugins/site-plugins/site-pmp/dist/css/style.min.css (body),Prairie Mountain Publishing,#717fd1,#5869ca,#3f51b5,#32408f,#171e44,#eeff41,#eb5300,#1a1a1a,#fafafa,#1a1a1a,,,,2,primary-lighter: MISSING -> #717fd1; tertiary: #303f9f -> #eb5300,Redirects to fortmorgantimes.com.
Buffzone,buffzone.com,PMP Weeklies,Modern Earthy,Prairie Mountain Publishing,modernearthy.css + plugins/site-plugins/site-pmp/dist/css/style.min.css (body),Prairie Mountain Publishing,#717fd1,#5869ca,#3f51b5,#32408f,#171e44,#eeff41,#eb5300,#1a1a1a,#fafafa,#1a1a1a,,,,2,primary-lighter: MISSING -> #717fd1; tertiary: #303f9f -> #eb5300,Redirects to dailycamera.com/sports/college-sports/buffzone.
Cañon City Daily Record,canoncitydailyrecord.com,PMP Weeklies,Modern Earthy,Prairie Mountain Publishing,modernearthy.css + plugins/site-plugins/site-pmp/dist/css/style.min.css (body),Prairie Mountain Publishing,#717fd1,#5869ca,#3f51b5,#32408f,#171e44,#eeff41,#eb5300,#1a1a1a,#fafafa,#1a1a1a,,,,2,primary-lighter: MISSING -> #717fd1; tertiary: #303f9f -> #eb5300,
Colorado Hometown Weekly,coloradohometownweekly.com,PMP Weeklies,Modern Earthy,Prairie Mountain Publishing,modernearthy.css + plugins/site-plugins/site-pmp/dist/css/style.min.css (body),Prairie Mountain Publishing,#717fd1,#5869ca,#3f51b5,#32408f,#171e44,#eeff41,#eb5300,#1a1a1a,#fafafa,#1a1a1a,#0054a0,,subsite-custom,2,primary-lighter: MISSING -> #717fd1; tertiary: #303f9f -> #eb5300,
Estes Park Trail-Gazette,eptrail.com,PMP Weeklies,Modern Earthy,Prairie Mountain Publishing,modernearthy.css + plugins/site-plugins/site-pmp/dist/css/style.min.css (body),Prairie Mountain Publishing,#717fd1,#5869ca,#3f51b5,#32408f,#171e44,#eeff41,#eb5300,#1a1a1a,#fafafa,#1a1a1a,,,,2,primary-lighter: MISSING -> #717fd1; tertiary: #303f9f -> #eb5300,
Fort Morgan Times,fortmorgantimes.com,PMP Weeklies,Modern Earthy,Prairie Mountain Publishing,modernearthy.css + plugins/site-plugins/site-pmp/dist/css/style.min.css (body),Prairie Mountain Publishing,#717fd1,#5869ca,#3f51b5,#32408f,#171e44,#eeff41,#eb5300,#1a1a1a,#fafafa,#1a1a1a,,,,2,primary-lighter: MISSING -> #717fd1; tertiary: #303f9f -> #eb5300,
South Platte Sentinel,southplattesentinel.com,PMP Weeklies,Modern Earthy,Prairie Mountain Publishing,modernearthy.css + plugins/site-plugins/site-pmp/dist/css/style.min.css (body),Prairie Mountain Publishing,#717fd1,#5869ca,#3f51b5,#32408f,#171e44,#eeff41,#eb5300,#1a1a1a,#fafafa,#1a1a1a,,,,2,primary-lighter: MISSING -> #717fd1; tertiary: #303f9f -> #eb5300,Redirects to journal-advocate.com.
Sterling Journal-Advocate,journal-advocate.com,PMP Weeklies,Modern Earthy,Prairie Mountain Publishing,modernearthy.css + plugins/site-plugins/site-pmp/dist/css/style.min.css (body),Prairie Mountain Publishing,#717fd1,#5869ca,#3f51b5,#32408f,#171e44,#eeff41,#eb5300,#1a1a1a,#fafafa,#1a1a1a,,,,2,primary-lighter: MISSING -> #717fd1; tertiary: #303f9f -> #eb5300,
The Burlington Record,burlington-record.com,PMP Weeklies,Modern Earthy,Prairie Mountain Publishing,modernearthy.css + plugins/site-plugins/site-pmp/dist/css/style.min.css (body),Prairie Mountain Publishing,#717fd1,#5869ca,#3f51b5,#32408f,#171e44,#eeff41,#eb5300,#1a1a1a,#fafafa,#1a1a1a,,,,2,primary-lighter: MISSING -> #717fd1; tertiary: #303f9f -> #eb5300,
Inland Valley Daily Bulletin,dailybulletin.com,SCNG,Measured Vibrant,,measuredvibrant.css,MeasuredVibrant,#717fd1,#5869ca,#3f51b5,#32408f,#171e44,#eeff41,#eb5300,#1f1e1c,#fbfbfb,#1f1e1c,,,,2,primary-lighter: MISSING -> #717fd1; tertiary: #303f9f -> #eb5300,
LA Daily News,dailynews.com,SCNG,Modern Earthy,,modernearthy.css,ModernEarthy,#fe521e,#e03400,#cc3300,#b93611,#a52804,#eeff41,#00828f,#1a1a1a,#fafafa,#1a1a1a,,,,4,primary-lighter: MISSING -> #fe521e; primary: #bc3b10 -> #cc3300; primary-darker: MISSING -> #a52804; tertiary: #ff5722 -> #00828f,
Long Beach Press-Telegram,presstelegram.com,SCNG,Measured Vibrant,,measuredvibrant.css,MeasuredVibrant,#717fd1,#5869ca,#3f51b5,#32408f,#171e44,#eeff41,#eb5300,#1f1e1c,#fbfbfb,#1f1e1c,#4051b5,#f9f9f9,"subsite-custom, subsite-text",2,primary-lighter: MISSING -> #717fd1; tertiary: #303f9f -> #eb5300,
Orange County Register,ocregister.com,SCNG,Bold Coastal,,boldcoastal.css,BoldCoastal,#1799a5,#00838f,#007580,#0a5962,#014a52,#ffea00,#f4a700,#0a0908,#ffffff,#0a0908,#0097a7,,,2,primary-lighter: MISSING -> #1799a5; tertiary: #00838f -> #f4a700,
Pasadena Star-News,pasadenastarnews.com,SCNG,Modern Earthy,,modernearthy.css,ModernEarthy,#fe521e,#e03400,#cc3300,#b93611,#a52804,#eeff41,#00828f,#1a1a1a,#fafafa,#1a1a1a,,,,4,primary-lighter: MISSING -> #fe521e; primary: #bc3b10 -> #cc3300; primary-darker: MISSING -> #a52804; tertiary: #ff5722 -> #00828f,
Press Enterprise (Riverside),pressenterprise.com,SCNG,Modern Earthy,,modernearthy.css,ModernEarthy,#fe521e,#e03400,#cc3300,#b93611,#a52804,#eeff41,#00828f,#1a1a1a,#fafafa,#1a1a1a,,,,4,primary-lighter: MISSING -> #fe521e; primary: #bc3b10 -> #cc3300; primary-darker: MISSING -> #a52804; tertiary: #ff5722 -> #00828f,
Redlands Daily Facts,redlandsdailyfacts.com,SCNG,Measured Vibrant,,measuredvibrant.css,MeasuredVibrant,#717fd1,#5869ca,#3f51b5,#32408f,#171e44,#eeff41,#eb5300,#1f1e1c,#fbfbfb,#1f1e1c,,,,2,primary-lighter: MISSING -> #717fd1; tertiary: #303f9f -> #eb5300,
San Bernardino Sun,sbsun.com,SCNG,Modern Earthy,,modernearthy.css,ModernEarthy,#fe521e,#e03400,#cc3300,#b93611,#a52804,#eeff41,#00828f,#1a1a1a,#fafafa,#1a1a1a,,,,4,primary-lighter: MISSING -> #fe521e; primary: #bc3b10 -> #cc3300; primary-darker: MISSING -> #a52804; tertiary: #ff5722 -> #00828f,
San Gabriel Valley Tribune,sgvtribune.com,SCNG,Modern Earthy,,modernearthy.css,ModernEarthy,#fe521e,#e03400,#cc3300,#b93611,#a52804,#eeff41,#00828f,#1a1a1a,#fafafa,#1a1a1a,,,,4,primary-lighter: MISSING -> #fe521e; primary: #bc3b10 -> #cc3300; primary-darker: MISSING -> #a52804; tertiary: #ff5722 -> #00828f,
Torrance Daily Breeze,dailybreeze.com,SCNG,Bold Coastal,,boldcoastal.css,BoldCoastal,#1799a5,#00838f,#007580,#0a5962,#014a52,#ffea00,#f4a700,#0a0908,#ffffff,#0a0908,#00838f,#f7f7f7,"subsite-custom, subsite-text",2,primary-lighter: MISSING -> #1799a5; tertiary: #00838f -> #f4a700,
Whittier Daily News,whittierdailynews.com,SCNG,Modern Earthy,,modernearthy.css,ModernEarthy,#fe521e,#e03400,#cc3300,#b93611,#a52804,#eeff41,#00828f,#1a1a1a,#fafafa,#1a1a1a,,,,4,primary-lighter: MISSING -> #fe521e; primary: #bc3b10 -> #cc3300; primary-darker: MISSING -> #a52804; tertiary: #ff5722 -> #00828f,
San Diego Union-Tribune,sandiegouniontribune.com,SCNG,Measured Vibrant,,measuredvibrant.css,MeasuredVibrant,#717fd1,#5869ca,#3f51b5,#32408f,#171e44,#eeff41,#eb5300,#1f1e1c,#fbfbfb,#1f1e1c,#fbfbfb,#000000,"subsite-custom, subsite-text",2,primary-lighter: MISSING -> #717fd1; tertiary: #303f9f -> #eb5300,
Excelsior California,excelsiorcalifornia.com,SCNG,Modern Earthy,,modernearthy.css,ModernEarthy,#fe521e,#e03400,#cc3300,#b93611,#a52804,#eeff41,#00828f,#1a1a1a,#fafafa,#1a1a1a,,,,4,primary-lighter: MISSING -> #fe521e; primary: #bc3b10 -> #cc3300; primary-darker: MISSING -> #a52804; tertiary: #ff5722 -> #00828f,
Petaluma Argus-Courier,petalumanews.com,Sonoma,Bold Coastal,Petaluma Argus-Courier,boldcoastal.css + Customizer override (div#page),Petaluma Argus-Courier,#a8681a,#905a17,#7e4e14,#643d0d,#492c09,#ffea00,#006fb7,#0a0908,#ffffff,#0a0908,,,,1,secondary: MISSING -> #ffea00,
The Press Democrat,pressdemocrat.com,Sonoma,Bold Coastal,The Press Democrat,boldcoastal.css + Customizer override (div#page),The Press Democrat,#d10f14,#ba0d12,#9e0b0f,#8f0a0e,#6e0b0c,#ffea00,#006fb7,#0a0908,#ffffff,#0a0908,,,,3,secondary: MISSING -> #ffea00; tertiary: #d10f14 -> #006fb7; subsite-custom: #eeeeee -> undocumented,
The Sonoma Index-Tribune,sonomanews.com,Sonoma,Bold Coastal,The Sonoma Index-Tribune,boldcoastal.css + Customizer override (div#page),The Sonoma Index-Tribune,#149de6,#107db7,#0e70a4,#0d6391,#0c5983,#ffea00,#f4a700,#0a0908,#ffffff,#0a0908,,,,1,secondary: MISSING -> #ffea00,
Sonoma County Gazette,sonomacountygazette.com,Sonoma,Bold Coastal,The Press Democrat,boldcoastal.css + Customizer override (div#page),The Press Democrat,#d10f14,#ba0d12,#9e0b0f,#8f0a0e,#6e0b0c,#ffea00,#006fb7,#0a0908,#ffffff,#0a0908,,,,3,secondary: MISSING -> #ffea00; tertiary: #d10f14 -> #006fb7; subsite-custom: #eeeeee -> undocumented,Uses The Press Democrat colors; no style guide of its own.
Sonoma Magazine,sonomamag.com,Sonoma,,,,,,,,,,,,,,,,,,0,,Not on MNG WordPress themes (verified 2026-09-24): no MNG theme tokens.
St. Paul Pioneer Press,twincities.com,Twin Cities,Bold Coastal,St. Paul Pioneer Press,boldcoastal.css + Customizer override (div#page),St. Paul Pioneer Press,#0187e0,#007acc,#006fb7,#0065a8,#005892,#ffea00,#f4a700,#0a0908,#ffffff,#0a0908,#0097a7,,,5,primary-lighter: MISSING -> #0187e0; primary-darker: MISSING -> #005892; secondary: MISSING -> #ffea00; tertiary: MISSING -> #f4a700; subsite-custom: #ffffff -> #0097a7,
Daily Press,dailypress.com,Tribune,Measured Vibrant,,measuredvibrant.css,MeasuredVibrant,#717fd1,#5869ca,#3f51b5,#32408f,#171e44,#eeff41,#eb5300,#1f1e1c,#fbfbfb,#1f1e1c,#000000,#f9f9f9,"subsite-custom, subsite-text",2,primary-lighter: MISSING -> #717fd1; tertiary: #303f9f -> #eb5300,Needs live check: the cluster sheet and Figma disagree on this site's theme.
Capital Gazette,capitalgazette.com,Tribune,Bold Coastal,Capital Gazette,boldcoastal.css + Customizer override (div#page),not in Figma,#3c6f95,#285f87,#004e87,#004171,#04365a,#eaeaea,#5f6264,#0a0908,#ffffff,#0a0908,#0097a7,,,3,primary-lighter: #285f87 -> #3c6f95; primary-dark: #004e87 -> #004171; primary-darker: #014a52 -> #04365a,
Chicago Tribune,chicagotribune.com,Tribune,Measured Vibrant,Chicago Tribune,measuredvibrant.css (Measured Vibrant values; own Figma mode),Chicago Tribune,#717fd1,#5869ca,#3f51b5,#32408f,#171e44,#eeff41,#eb5300,#1f1e1c,#fbfbfb,#1f1e1c,#fdfdfd,#0a0a0a,"subsite-custom, subsite-text",2,primary-lighter: MISSING -> #717fd1; tertiary: #303f9f -> #eb5300,"No style guide of its own; audited under Measured Vibrant, whose production callouts apply."
The Morning Call,mcall.com,Tribune,Modern Earthy,Morning Call,modernearthy.css + Customizer override (div#page),Morning Call,#5399c4,#27719f,#166291,#014b78,#00385a,#eeff41,#ff5722,#141414,#ffffff,#141414,,,,6,primary-lighter: MISSING -> #5399c4; primary-light: #337ca9 -> #27719f; primary: #014b78 -> #166291; primary-darker: MISSING -> #00385a; secondary: MISSING -> #eeff41; tertiary: MISSING -> #ff5722,Needs live check: the cluster sheet and Figma disagree on this site's theme.
Hartford Courant,courant.com,Tribune,Measured Vibrant,Hartford Courant,measuredvibrant.css + site-tribune style.min.css + Customizer override (div#page),Hartford Courant,#5796bd,#2b7ea5,#166d95,#084e6f,#171e44,#eeff41,#6a54ca,#141414,#ffffff,#141414,,,,6,primary-lighter: MISSING -> #5796bd; primary: #2b7ea5 -> #166d95; primary-dark: #2b7ea5 -> #084e6f; primary-darker: MISSING -> #171e44; secondary: MISSING -> #eeff41; tertiary: MISSING -> #6a54ca,Verified live 2026-09-25: Measured Vibrant (measuredvibrant.css + site-tribune style.min.css) with a div#page Customizer override. Production matches the Figma production column.
New York Daily News,nydailynews.com,Tribune,Measured Vibrant,,measuredvibrant.css,MeasuredVibrant,#717fd1,#5869ca,#3f51b5,#32408f,#171e44,#eeff41,#eb5300,#1f1e1c,#fbfbfb,#1f1e1c,#000000,#f9f9f9,"subsite-custom, subsite-text",2,primary-lighter: MISSING -> #717fd1; tertiary: #303f9f -> #eb5300,Needs live check: the cluster sheet and Figma disagree on this site's theme.
The Baltimore Sun,baltimoresun.com,Tribune,Bold Coastal,The Baltimore Sun,boldcoastal.css + Customizer override (div#page),not in Figma,#373751,#303551,#1c2551,#1c2551,#014a52,#98712a,#5f6264,#0a0908,#ffffff,#0a0908,#1c2551,,,0,,Uses its documented Figma styles as is.
GrowthSpotter,growthspotter.com,Tribune,Measured Vibrant,GrowthSpotter,measuredvibrant.css + Customizer override (div#page),GrowthSpotter,#529950,#1d8734,#1a7c2e,#176e29,#146024,#eeff41,#e7632a,#1f1e1c,#fbfbfb,#1f1e1c,,,,2,primary-lighter: MISSING -> #529950; tertiary: #303f9f -> #e7632a,Needs live check: the cluster sheet and Figma disagree on this site's theme.
Orlando Sentinel,orlandosentinel.com,Tribune,Measured Vibrant,Orlando Sentinel,measuredvibrant.css + Customizer override (div#page),Orlando Sentinel,#5c95dd,#1879c9,#1776c4,#156cb4,#1360a0,#eeff41,#48a395,#1f1e1c,#fbfbfb,#1f1e1c,,,,2,primary-lighter: MISSING -> #5c95dd; tertiary: #303f9f -> #48a395,
South Florida Sun Sentinel,sun-sentinel.com,Tribune,Measured Vibrant,South Florida Sun Sentinel,measuredvibrant.css + Customizer override (div#page),South Florida Sun Sentinel,#4a92af,#2a728f,#136383,#115975,#0f4f68,#eeff41,#ab9500,#1f1e1c,#fbfbfb,#1f1e1c,,,,2,primary-lighter: MISSING -> #4a92af; tertiary: #303f9f -> #ab9500,
The Virginian-Pilot,pilotonline.com,Tribune,Measured Vibrant,,measuredvibrant.css,MeasuredVibrant,#717fd1,#5869ca,#3f51b5,#32408f,#171e44,#eeff41,#eb5300,#1f1e1c,#fbfbfb,#1f1e1c,#000000,#f9f9f9,"subsite-custom, subsite-text",2,primary-lighter: MISSING -> #717fd1; tertiary: #303f9f -> #eb5300,
